"";"Methode";"alpha";"beta";"sigma2"
"1";"EM";-0,0425847145285294;0,995471043080886;0,135874633250155
"2";"Boot";-0,145799522569304;1,06916992149786;0,185674894747858
"3";"Bayes";-0,00168465984160187;0,975043443105841;0,466597763020446
"4";"Moy";0,0574872630184191;0,622664577944638;0,0685653713862241
"5";"Reg. Lin.";-0,11370559744403;1,00597650368202;0,045013962828955
"6";"Reg. Lin. Sto.";-0,114049471209293;1,00286191950284;0,150568193073009
"7";"EM";0,0273812296666216;1,08178659344784;0,157342414699187
"8";"Boot";0,0458697085802918;1,10697377196915;0,215935086834245
"9";"Bayes";0,000380092740818324;0,970919113244344;0,504886288329425
"10";"Moy";0,272371088695418;0,726158197296027;0,0745260750181503
"11";"Reg. Lin.";0,0745229813379917;1,07394463819851;0,0519021134554651
"12";"Reg. Lin. Sto.";0,0726136403617481;1,07632055200134;0,181988245768737
"13";"EM";0,0559438737653319;0,914693671912246;0,184146397850603
"14";"Boot";0,116891667709928;0,881318777603061;0,248984402233977
"15";"Bayes";0,000742455751240071;0,971374164858226;0,527031388190678
"16";"Moy";0,202231622150496;0,61783548216476;0,0710287293672774
"17";"Reg. Lin.";0,146041774507626;0,910975378238138;0,0517099664507412
"18";"Reg. Lin. Sto.";0,139125347495292;0,91504667156517;0,211932104550702
"19";"EM";0,0064996206295193;1,05939797901652;0,124985596666369
"20";"Boot";0,0318099945635099;1,04547106615373;0,150814468069872
"21";"Bayes";0,00012533709269897;0,957470371480279;0,466592783830246
"22";"Moy";0,137660240595454;0,793659198438487;0,0709048358576096
"23";"Reg. Lin.";0,0170351627267473;1,05814341935974;0,0427241733621522
"24";"Reg. Lin. Sto.";0,0195594728966362;1,06069521278308;0,141849649237295
"25";"EM";-0,0166567546514233;0,981094201954365;0,150465574240144
"26";"Boot";-0,041618686042857;0,975046688297598;0,210520098572334
"27";"Bayes";-0,00278750732137978;0,97381249488774;0,485441428119805
"28";"Moy";-0,122779260012721;0,724622097914841;0,0663799676858137
"29";"Reg. Lin.";-0,0435133399956968;0,97877674198462;0,0468223004577648
"30";"Reg. Lin. Sto.";-0,0426035823884261;0,978868165615329;0,173755088649732
"31";"EM";-0,0680962511272524;1,15233609827573;0,125982247452964
"32";"Boot";-0,169911591003366;1,13138256207505;0,163313623779546
"33";"Bayes";0,000357902120933818;0,972677362213423;0,500175319224571
"34";"Moy";-0,248428971735006;0,663924726237618;0,0727199809008264
"35";"Reg. Lin.";-0,177701573306853;1,13993028830829;0,0416171094078868
"36";"Reg. Lin. Sto.";-0,176733277876038;1,13926289590285;0,131979324724131
"37";"EM";-0,0169801868254556;0,950334383349413;0,156329362833678
"38";"Boot";-0,0139715503133687;0,970472953453653;0,207360539771548
"39";"Bayes";-0,000274684446258069;0,963636164671419;0,491114444280289
"40";"Moy";0,0396763266541235;0,59648644477966;0,075132294647181
"41";"Reg. Lin.";-0,0441679540720591;0,954665191586981;0,0480988383722538
"42";"Reg. Lin. Sto.";-0,0442298114442074;0,953062941042098;0,180589524055444
"43";"EM";-0,0406919433562176;1,07350030875692;0,203794681592824
"44";"Boot";-0,0989583212880538;1,06753142890034;0,262750913698894
"45";"Bayes";-0,000895278496622535;0,973106448442915;0,588933842050987
"46";"Moy";-0,144901783533518;0,879737713948396;0,0769401151703688
"47";"Reg. Lin.";-0,106194563953658;1,07156519399189;0,0551513106054415
"48";"Reg. Lin. Sto.";-0,10118317858073;1,07475324107399;0,248030386767943
"49";"EM";-0,000129861485286962;1,00802055461629;0,13889419905287
"50";"Boot";0,00479690020346077;0,998796259649067;0,180612759541544
"51";"Bayes";-0,000975364469417228;0,95485126250331;0,461950394676072
"52";"Moy";-0,0466910508912479;0,649553674501697;0,0767527781039252
"53";"Reg. Lin.";-0,000338101195771989;1,0080179098536;0,0453875394400655
"54";"Reg. Lin. Sto.";0,000315057696230709;1,00409728307891;0,159100848823994
"55";"EM";-0,0475176751782227;1,10135974573817;0,184909750462753
"56";"Boot";-0,138705093413225;1,09181975738129;0,241313327499514
"57";"Bayes";0,0009111603621121;0,972915245546286;0,553333811015109
"58";"Moy";-0,104012008617022;0,848689291822873;0,0761858853725804
"59";"Reg. Lin.";-0,123580984190377;1,1020711965803;0,0515091728313155
"60";"Reg. Lin. Sto.";-0,126747957617205;1,10564112876171;0,211554681724426
"61";"EM";-0,00569277049095807;0,829848728201716;0,11612372542952
"62";"Boot";0,0100829452198112;0,816284278244663;0,152313805355611
"63";"Bayes";0,000860267441304159;0,953808178452002;0,447617724599843
"64";"Moy";0,0860408242778358;0,535014742751741;0,0661594411649417
"65";"Reg. Lin.";-0,0149828051387706;0,830950381377295;0,0412582667879771
"66";"Reg. Lin. Sto.";-0,0193283135905443;0,827048054791648;0,130764766200863
"67";"EM";0,0222769985588652;1,0185372208276;0,228564295555634
"68";"Boot";0,0535552120472886;1,01597991252027;0,304820454125362
"69";"Bayes";0,000680514652030748;0,971915828114457;0,585770667794636
"70";"Moy";0,0670072007682098;0,647276301180801;0,0855328354813083
"71";"Reg. Lin.";0,0579530164487915;1,01800655612829;0,0578555807380703
"72";"Reg. Lin. Sto.";0,0484829973647504;1,02286968272679;0,276615091329013
"73";"EM";-0,0423683667287514;0,924430542805229;0,168005711443392
"74";"Boot";-0,127311517074096;0,94797701996081;0,237232005137095
"75";"Bayes";0,00238281504983907;0,974308316321017;0,507630916353321
"76";"Moy";-0,234224079458035;0,527514773657362;0,0707423227415751
"77";"Reg. Lin.";-0,112154914816898;0,912846609251367;0,049230574328579
"78";"Reg. Lin. Sto.";-0,113801652526032;0,912171709969145;0,191634357901908
"79";"EM";-0,0168649863824607;0,948802919984748;0,141504617412977
"80";"Boot";-0,0478364317917111;0,923058506341192;0,186037032105919
"81";"Bayes";0,000626086096862858;0,9670551068942;0,489638352916137
"82";"Moy";-0,0340400537321065;0,589764362844121;0,0714119425457909
"83";"Reg. Lin.";-0,0438487235937;0,949299470402838;0,045404947782952
"84";"Reg. Lin. Sto.";-0,0435746015270944;0,94562565340728;0,160832136933878
"85";"EM";0,0360724754090997;1,00376563170435;0,160821457753131
"86";"Boot";0,121871684463536;1,04012464544764;0,218126201625395
"87";"Bayes";0,00111146690685589;0,964904337227598;0,491786670458404
"88";"Moy";-0,086138226959315;0,745790505445782;0,0727369988521681
"89";"Reg. Lin.";0,0960564754514541;1,01116706498907;0,0488268593372203
"90";"Reg. Lin. Sto.";0,0877404247691603;1,00929302242692;0,186469419717986
"91";"EM";0,0397878562947033;1,05844344356469;0,137591837728667
"92";"Boot";0,0962742159211511;1,04091644347882;0,189041068974355
"93";"Bayes";-0,00197927627550123;0,966126347164175;0,482596717641552
"94";"Moy";0,145319235065097;0,854750099320306;0,0658056302016976
"95";"Reg. Lin.";0,104158519112177;1,0552451391603;0,0456575690265142
"96";"Reg. Lin. Sto.";0,0999801341475375;1,05418979624645;0,154222895979259
"97";"EM";-0,0249451398718604;1,08169271044695;0,128078965065142
"98";"Boot";-0,0610888549802687;1,08319448485232;0,177219376335362
"99";"Bayes";-0,00122462747969038;0,960948932242894;0,461180760398055
"100";"Moy";-0,0604421539269902;0,765256119127009;0,074987971980549
"101";"Reg. Lin.";-0,0648989297443432;1,08232795741539;0,0432367353242595
"102";"Reg. Lin. Sto.";-0,0668737741057877;1,09052438824533;0,144815592386679
"103";"EM";0,0404115690685906;0,933597971971478;0,0995887945724025
"104";"Boot";0,088824858857926;0,939365982042836;0,139926634812865
"105";"Bayes";0,000161536973717247;0,955095148694931;0,393968698392376
"106";"Moy";0,110742558383826;0,794855916154072;0,0529771289593806
"107";"Reg. Lin.";0,105095908440422;0,933162002383098;0,0377240604679053
"108";"Reg. Lin. Sto.";0,103021719776441;0,933471686901212;0,107228483314372
"109";"EM";0,0240395877388587;0,769397588805096;0,146550496038657
"110";"Boot";0,0740349234012307;0,772252364148037;0,187644715644448
"111";"Bayes";0,00142852483315196;0,972571608887876;0,513112951873846
"112";"Moy";0,087491910011046;0,477482935727429;0,0615154517685262
"113";"Reg. Lin.";0,0625577770370244;0,768410677850101;0,0461657605791884
"114";"Reg. Lin. Sto.";0,0618714342930355;0,763437749224654;0,166530039772918
"115";"EM";0,0109883294408513;1,0500537746219;0,158002187254181
"116";"Boot";0,0513033109954544;1,04123740338489;0,211328238294738
"117";"Bayes";0,000373276229144917;0,971697899630555;0,486736978189431
"118";"Moy";0,124499166747259;0,878466069446787;0,0656282442847105
"119";"Reg. Lin.";0,0286479095617167;1,04915379400499;0,0480202136640533
"120";"Reg. Lin. Sto.";0,0260657907993678;1,05337689484357;0,182481197922802
"121";"EM";0,000737468471504264;1,01532614186723;0,159267428926006
"122";"Boot";0,0224666940463182;1,02090915546793;0,202635919342612
"123";"Bayes";0,00278891056970394;0,970306581582958;0,507741518300097
"124";"Moy";0,00212947817767828;0,604562183533048;0,0736009731337691
"125";"Reg. Lin.";0,00192079411553456;1,01530234132379;0,0497770537087432
"126";"Reg. Lin. Sto.";-0,00227849913314339;1,00942209383602;0,185122899486139
"127";"EM";-0,013163743613413;1,07115570541996;0,147492647411109
"128";"Boot";-0,0510366634907094;1,05304409478899;0,182689041362818
"129";"Bayes";0,000737378923414216;0,958984822518279;0,478744308318272
"130";"Moy";0,0187223032230132;0,694306219803315;0,0809960421759509
"131";"Reg. Lin.";-0,034289331082952;1,07278296751465;0,0463843972725701
"132";"Reg. Lin. Sto.";-0,0333000139961012;1,06473410305802;0,171600958380847
"133";"EM";-0,00703081648723848;1,01161143596766;0,0679511351156007
"134";"Boot";-0,000455318045449815;1,00585622218842;0,0884217637812846
"135";"Bayes";-0,000103471440060685;0,937577876911216;0,338784266581155
"136";"Moy";-0,152590526471843;0,724057504356422;0,0596439525681943
"137";"Reg. Lin.";-0,0184230330737598;1,00955003837402;0,0316291522035453
"138";"Reg. Lin. Sto.";-0,0184616511292169;1,0088130399273;0,0726018744009126
"139";"EM";-0,00222351826995384;1,05837422201497;0,193748858269338
"140";"Boot";-0,00876361529311513;1,03940524255623;0,255467748386364
"141";"Bayes";-0,00108717504365178;0,972753790104154;0,557097905442667
"142";"Moy";-0,186581416028897;0,66676418110217;0,0831142267731695
"143";"Reg. Lin.";-0,00592884645019942;1,05777096196973;0,0535338287346359
"144";"Reg. Lin. Sto.";0,000446755750587158;1,05807711150059;0,237416317263059
"145";"EM";0,0256412828654593;1,1325116173346;0,16663555459479
"146";"Boot";0,069339378741519;1,11957013067406;0,217247381337121
"147";"Bayes";0,00197782444537505;0,969885705042558;0,546858014815568
"148";"Moy";0,247850060372909;0,779860906240517;0,0817968171544771
"149";"Reg. Lin.";0,0676724546803634;1,12777774344763;0,0493102883050157
"150";"Reg. Lin. Sto.";0,067640265206983;1,12783158252755;0,195865886079277
"151";"EM";-0,0176548464953306;1,0210819649788;0,176130755082992
"152";"Boot";-0,0502960760985581;1,03346192841072;0,244120540731283
"153";"Bayes";0,00180135211190236;0,964219313173688;0,512129796183535
"154";"Moy";-0,0573922755969137;0,69782999693965;0,080958911290656
"155";"Reg. Lin.";-0,0458288682489494;1,0196476101137;0,0508243683476068
"156";"Reg. Lin. Sto.";-0,0474176948364229;1,02405804542262;0,21114463633385
"157";"EM";0,0132166800006115;0,971411989233187;0,120410463021912
"158";"Boot";0,0292520826525467;0,999873711332063;0,160937194740502
"159";"Bayes";0,00218243649573731;0,955749279772796;0,419431170090896
"160";"Moy";0,152094357925734;0,483595172738115;0,0704408012426734
"161";"Reg. Lin.";0,0349839412112025;0,966262285745525;0,0418946228952692
"162";"Reg. Lin. Sto.";0,0329569474369149;0,970061871976611;0,134960211672222
"163";"EM";0,0118477234876223;0,945487404213632;0,162503021170665
"164";"Boot";0,0317486611612314;0,944386772678493;0,220590730025386
"165";"Bayes";-0,00177778546871818;0,965384344295806;0,482976395128082
"166";"Moy";0,0198152563174459;0,573199966238888;0,0745759296746231
"167";"Reg. Lin.";0,0308241858961837;0,945694207458296;0,0491459394775857
"168";"Reg. Lin. Sto.";0,0320577674377312;0,947542043183893;0,189189646651457
"169";"EM";-0,00589192798053438;0,944087869528175;0,170324739389402
"170";"Boot";0,00558083585705839;0,970014231232236;0,244461159732526
"171";"Bayes";-0,000115585219941114;0,968383435953781;0,522312990337594
"172";"Moy";-0,0839074999214638;0,633117968436671;0,0708494713640244
"173";"Reg. Lin.";-0,0153033195514792;0,942277878858451;0,0502784215695234
"174";"Reg. Lin. Sto.";-0,0212976793227043;0,949026726703971;0,199049184091143
"175";"EM";0,00934983377059499;0,942058647009883;0,162623130815498
"176";"Boot";0,0208983278952535;0,905840047402608;0,223642500637699
"177";"Bayes";-0,000154504830841837;0,975257184799787;0,524406068130093
"178";"Moy";0,065727040512718;0,564554501579016;0,0718892017011682
"179";"Reg. Lin.";0,0243584347190414;0,940914342267226;0,04872560925994
"180";"Reg. Lin. Sto.";0,0224424500811527;0,93928782984002;0,188576837132823
"181";"EM";-0,0341465599195084;1,02055188301308;0,152510958197555
"182";"Boot";-0,0930030312672366;1,03123515965185;0,212890076512134
"183";"Bayes";0,000470226972290182;0,968647784282407;0,495405621563392
"184";"Moy";-0,00536481273683992;0,655748575283024;0,0705375957616344
"185";"Reg. Lin.";-0,0886380846051924;1,02549236109503;0,0477985667912911
"186";"Reg. Lin. Sto.";-0,0894478477696213;1,02622330896956;0,174201538284536
"187";"EM";0,0409003684758549;1,13899202140776;0,118000108317096
"188";"Boot";0,0945893461452009;1,15858668317492;0,147288915910328
"189";"Bayes";-0,00121098087824246;0,96417303731346;0,477709220975342
"190";"Moy";0,0105717549953251;0,677991517777414;0,0787252771637675
"191";"Reg. Lin.";0,106962088763563;1,14570971856955;0,0410491716490121
"192";"Reg. Lin. Sto.";0,10700443187622;1,14401364111239;0,129833376954394
"193";"EM";-0,0187024553003911;0,913203589106442;0,161116368362197
"194";"Boot";-0,0537569840981751;0,931865061533297;0,217318909850106
"195";"Bayes";-0,000725850114728939;0,964917035649683;0,489933597865542
"196";"Moy";-0,162070126476443;0,506059974664462;0,0735362040794081
"197";"Reg. Lin.";-0,0491202561158487;0,907584014760917;0,0485284143143633
"198";"Reg. Lin. Sto.";-0,0464265318407599;0,916522865965458;0,184598620312096
"199";"EM";-0,0113692685322664;1,06342175498718;0,153665579304361
"200";"Boot";-0,0555192492766769;1,09598989527712;0,205094598901288
"201";"Bayes";0,000346474213534322;0,974166684369512;0,50135402159637
"202";"Moy";0,0270026733511233;0,695971398261659;0,0720728745861372
"203";"Reg. Lin.";-0,0296211578106228;1,06419456416498;0,0473972210343159
"204";"Reg. Lin. Sto.";-0,0294077690359134;1,06086310717554;0,177405972972778
"205";"EM";0,0383271712448385;1,06381031900251;0,131003443981186
"206";"Boot";0,115006374275967;1,06275347238614;0,175009505799662
"207";"Bayes";0,00310783668864204;0,969663546554783;0,476571040817751
"208";"Moy";0,119094732840643;0,746859919122949;0,0698217015158866
"209";"Reg. Lin.";0,0996425249609425;1,0630384339217;0,0433965335726293
"210";"Reg. Lin. Sto.";0,0965374017348017;1,0656387199832;0,144791749677894
"211";"EM";-0,00392262115524265;1,06095540980509;0,210989009914429
"212";"Boot";-0,00794477070661664;1,04407093346567;0,283096346367306
"213";"Bayes";-0,00198215978476194;0,979450766562395;0,573416638312409
"214";"Moy";-0,0356660486012518;0,737752109212949;0,0755805260542834
"215";"Reg. Lin.";-0,0101818600182536;1,06109771997598;0,0561929471057506
"216";"Reg. Lin. Sto.";-0,0069767614904223;1,05642780150066;0,252066169717852
"217";"EM";-0,0325644776103888;1,03734144986297;0,120162474557138
"218";"Boot";-0,064807796961055;1,03343996776486;0,178402262807114
"219";"Bayes";-0,000655331380582689;0,964907776623499;0,45493465492476
"220";"Moy";0,00836014994944371;0,574429784418848;0,0715015765622865
"221";"Reg. Lin.";-0,0850452056878529;1,04808728050035;0,041821475851615
"222";"Reg. Lin. Sto.";-0,08605922264441;1,04697195388649;0,134081741318504
"223";"EM";0,0329235077491324;0,941445100261469;0,196749843841058
"224";"Boot";0,0912321615849288;1,00513572427106;0,280808907653373
"225";"Bayes";-0,000214732925800129;0,969377361086869;0,560656945747227
"226";"Moy";-0,19504676179349;0,545668501004242;0,0803850875158639
"227";"Reg. Lin.";0,0905998097614033;0,95379861848716;0,054165608229378
"228";"Reg. Lin. Sto.";0,0947975153554572;0,953227088494472;0,233190140746813
"229";"EM";-0,0162334154283796;1,03598896702004;0,155015413919789
"230";"Boot";-0,0282799848847456;0,997504192578277;0,189340712851238
"231";"Bayes";-0,000534510516757776;0,974560097783131;0,494006406819796
"232";"Moy";0,0628187385802987;0,72710715018154;0,0664588937694394
"233";"Reg. Lin.";-0,0424799587120797;1,03824825915285;0,0475539339460139
"234";"Reg. Lin. Sto.";-0,0346630274710412;1,04003141333747;0,177252852613138
"235";"EM";0,0226751900140753;0,983275751844802;0,13410459524917
"236";"Boot";0,0731227374999216;0,980599391774346;0,190599503832826
"237";"Bayes";-0,000295533093604864;0,954208892118614;0,45002927480898
"238";"Moy";0,10646946169511;0,630767737736979;0,0749136121003513
"239";"Reg. Lin.";0,0590806017365852;0,981742702795563;0,0441795415867565
"240";"Reg. Lin. Sto.";0,0617068441348249;0,979252850919455;0,151231681325135
"241";"EM";-0,0115209193725464;1,05789510711641;0,173760564337898
"242";"Boot";-0,0370902803702942;1,06572534604728;0,229479148240713
"243";"Bayes";0,000313662515178575;0,974638549237821;0,542258902161414
"244";"Moy";-0,0297537078366228;0,713357955748115;0,0764756944974253
"245";"Reg. Lin.";-0,0299148149373538;1,05731820137735;0,0506250707293777
"246";"Reg. Lin. Sto.";-0,0260995556800565;1,06337966621848;0,203885111991415
"247";"EM";0,0124276243029674;1,084767761547;0,153346920808848
"248";"Boot";0,0377096553898732;1,07558722369558;0,235699102593367
"249";"Bayes";-0,00188092533849518;0,968575233913703;0,47946621263128
"250";"Moy";-0,0842489864795568;0,696917817286296;0,0765719139068117
"251";"Reg. Lin.";0,0324605667193254;1,08686370530178;0,0473760146510749
"252";"Reg. Lin. Sto.";0,0314745124534164;1,08140757580482;0,176593998374265
"253";"EM";-0,0270305167722937;0,990662617987956;0,12775399728438
"254";"Boot";-0,0820506795259306;0,986883736960431;0,170565525075471
"255";"Bayes";-0,00030240951071109;0,959640691146977;0,438187869459746
"256";"Moy";-0,0484924989014057;0,630941066461021;0,070801999366394
"257";"Reg. Lin.";-0,0702132593123994;0,989982989786339;0,0433096779521716
"258";"Reg. Lin. Sto.";-0,0733029301312977;0,990271232223545;0,142740779877058
"259";"EM";-0,00434452324701095;0,971831183070556;0,146118805788518
"260";"Boot";-0,0345499440139515;0,962473563350992;0,192418803554757
"261";"Bayes";0,00225190198033363;0,961976002145196;0,469648741561064
"262";"Moy";-0,0452902482692904;0,511413250481826;0,0753128356985781
"263";"Reg. Lin.";-0,0112923466842058;0,971873518181451;0,046329358264663
"264";"Reg. Lin. Sto.";-0,0124361937499679;0,969271028865738;0,168006741932495
"265";"EM";0,0201191091062908;0,998359767528913;0,127319726739232
"266";"Boot";0,0507767658738304;1,01887087795291;0,181398377270788
"267";"Bayes";0,00195799723731976;0,952026876392357;0,433304012745655
"268";"Moy";0,301306886904268;0,744453514223293;0,071631144724196
"269";"Reg. Lin.";0,0544854867338148;0,993819259142856;0,0447845215241882
"270";"Reg. Lin. Sto.";0,0551128765660234;0,996114229268072;0,142540664212816
"271";"EM";-0,0483334095441769;0,993381983852526;0,126877511744862
"272";"Boot";-0,120078934785901;0,980407828515946;0,175332612189008
"273";"Bayes";0,000950070198855561;0,963770228685316;0,449737334079111
"274";"Moy";-0,243836032694531;0,67222390270758;0,0679248361461663
"275";"Reg. Lin.";-0,127870068826368;0,985707323482757;0,0438925945480633
"276";"Reg. Lin. Sto.";-0,126381957514681;0,987289687494874;0,138379713566355
"277";"EM";0,0483600825906216;0,841393975640001;0,109481334265291
"278";"Boot";0,147528690736062;0,838906680145685;0,125734554163022
"279";"Bayes";0,00169979584652647;0,964281154118002;0,445285696585069
"280";"Moy";0,120786086610364;0,543513067483634;0,0598625730602418
"281";"Reg. Lin.";0,125606357224301;0,840023215130318;0,0397232757114655
"282";"Reg. Lin. Sto.";0,124892885013853;0,835030700716895;0,118024482407488
"283";"EM";-0,012761775548539;1,01017562644969;0,134938485488564
"284";"Boot";-0,0280237457200579;1,03886190118017;0,185381866267313
"285";"Bayes";-0,000248020232360941;0,957354287948176;0,469102214577078
"286";"Moy";0,133843210326343;0,634346529803775;0,07853996490134
"287";"Reg. Lin.";-0,0335397043323741;1,0135405453659;0,0445125030893033
"288";"Reg. Lin. Sto.";-0,0330920155061904;1,00629307793871;0,154499095160464
"289";"EM";-0,0247118179391817;1,02342847723712;0,114882120514581
"290";"Boot";-0,0702495323875903;1,03845574536654;0,15102587150064
"291";"Bayes";0,0006164345681222;0,968727178053626;0,420209450706148
"292";"Moy";-0,0707227201562616;0,785289130053598;0,059290733502005
"293";"Reg. Lin.";-0,0639194480221776;1,02594674586442;0,0416079444453094
"294";"Reg. Lin. Sto.";-0,0663751780358998;1,02441987100338;0,127409688920148
"295";"EM";-0,0171692446278643;1,06222049441531;0,131104376282332
"296";"Boot";-0,0492813846731801;1,05445416706559;0,16669688228202
"297";"Bayes";0,000419974509899421;0,949583290598544;0,470994792938935
"298";"Moy";-0,146481029260361;0,684798144133415;0,0820727452194598
"299";"Reg. Lin.";-0,044710271766028;1,06097429282728;0,0437495865636659
"300";"Reg. Lin. Sto.";-0,0415860390518706;1,06083863058783;0,148932544813113
"301";"EM";-0,0367877178361268;1,09817064659499;0,145959627005402
"302";"Boot";-0,0893107722728391;1,08918844788601;0,197486046876294
"303";"Bayes";0,000204676057771598;0,961403891896364;0,489555038152664
"304";"Moy";-0,00843687816720798;0,702501080633922;0,0833067909315004
"305";"Reg. Lin.";-0,0955193588072376;1,09767684531418;0,0473984149364
"306";"Reg. Lin. Sto.";-0,0944585246905635;1,09893927537387;0,16421301422227
"307";"EM";-0,00640761117446169;0,987613182535928;0,143068748575283
"308";"Boot";0,0120342528337308;0,997488697797444;0,185593713289477
"309";"Bayes";0,00168933817660354;0,957503049766007;0,465750566857776
"310";"Moy";-0,17409784156374;0,609237411327726;0,0777230792548255
"311";"Reg. Lin.";-0,0168549572351258;0,98700429606038;0,0470535382144688
"312";"Reg. Lin. Sto.";-0,0144981715954636;0,983951146794327;0,16361609228118
"313";"EM";-0,0423550583074065;0,908760702698444;0,125306100122406
"314";"Boot";-0,102263447344129;0,916621571024336;0,171444113408648
"315";"Bayes";-0,00103663576505062;0,960781710462334;0,447479745325433
"316";"Moy";-0,221188130702041;0,526923892339718;0,0678408158923854
"317";"Reg. Lin.";-0,111369231526047;0,903587910804694;0,0432030801343442
"318";"Reg. Lin. Sto.";-0,110895264459197;0,897418436115636;0,137767493562415
"319";"EM";0,0146500663536677;0,960479575232286;0,141748492162165
"320";"Boot";0,037568276095005;0,945803253133975;0,193240064571261
"321";"Bayes";-0,00155976471363666;0,961301307296122;0,45693349140211
"322";"Moy";0,110724008186378;0,617208389311774;0,07193997173698
"323";"Reg. Lin.";0,0381860957901462;0,959124982756435;0,0454563993268653
"324";"Reg. Lin. Sto.";0,0432525070000676;0,957618331135792;0,162644369890266
"325";"EM";0,0475508537990754;0,934305930668388;0,14125760161656
"326";"Boot";0,143829382589453;0,926234734714228;0,175756572720686
"327";"Bayes";-0,000192253664703397;0,957934675081613;0,470012265373515
"328";"Moy";0,180856505587345;0,608877947248239;0,0718840616400169
"329";"Reg. Lin.";0,123967680439678;0,930994238955138;0,0449172920544678
"330";"Reg. Lin. Sto.";0,122618822107141;0,927497911671766;0,156069975956788
"331";"EM";-0,00379479033630193;1,10583738709028;0,131060263714016
"332";"Boot";-0,0177341099439134;1,09885766369563;0,17942953294132
"333";"Bayes";0,000998631189230441;0,951509099551603;0,474076321689941
"334";"Moy";0,0883975172490537;0,701231002047499;0,0845713828057042
"335";"Reg. Lin.";-0,00988505529958997;1,10608987321301;0,0437664590317857
"336";"Reg. Lin. Sto.";-0,0126851919206097;1,10861056285346;0,149295797240356
"337";"EM";-0,024662254214741;1,00296440313041;0,121677464652496
"338";"Boot";-0,0537688145123531;0,99358851798816;0,15023290124856
"339";"Bayes";-0,00220888032829166;0,97077898364164;0,446879118279896
"340";"Moy";-0,0367079218112388;0,756997042813846;0,0603595751366503
"341";"Reg. Lin.";-0,0641084261964122;1,00397054638648;0,0420803691071809
"342";"Reg. Lin. Sto.";-0,067002930290935;1,00180189874914;0,136329461965712
"343";"EM";-0,0238623911582335;0,991837529466331;0,113300053783229
"344";"Boot";-0,0532848263173333;0,998252119997886;0,14592450068231
"345";"Bayes";0,00195484368868062;0,95441412822954;0,428476375202985
"346";"Moy";-0,013838312071091;0,62742948073866;0,0707405336136445
"347";"Reg. Lin.";-0,0619776834734903;0,991154992717873;0,0406246111001074
"348";"Reg. Lin. Sto.";-0,0579475681197165;0,992296099109086;0,12565206382625
"349";"EM";-0,00419751154748251;1,07047757171991;0,119234759568964
"350";"Boot";-0,00394826031084835;1,06744679777525;0,162943922572228
"351";"Bayes";0,0020603520357939;0,957416554720778;0,444577139948709
"352";"Moy";0,0174794286032002;0,702626814974389;0,0758917766568735
"353";"Reg. Lin.";-0,0108412276688142;1,07047762834974;0,0420554342044358
"354";"Reg. Lin. Sto.";-0,00605484773385352;1,06724859944502;0,133837183314459
"355";"EM";-0,0177582809601386;1,02976903571306;0,141324528266695
"356";"Boot";-0,0451050412497345;0,989666777092296;0,171984600193519
"357";"Bayes";0,00181528953584999;0,970979236096627;0,473655118760405
"358";"Moy";-0,115424450246857;0,594355995864122;0,069918914529169
"359";"Reg. Lin.";-0,0463828330582072;1,02756881360639;0,0454315858733521
"360";"Reg. Lin. Sto.";-0,0435198156604862;1,02928766903481;0,15849467755933
"361";"EM";-0,0668949072308175;0,981547712829998;0,203680390117336
"362";"Boot";-0,184488017574913;0,956078250431734;0,248165657459176
"363";"Bayes";-0,00177198711482446;0,973043654318981;0,550399739829868
"364";"Moy";-0,295457613938216;0,629715422381905;0,0756626456745478
"365";"Reg. Lin.";-0,176079863427414;0,968862720044278;0,0537157313237092
"366";"Reg. Lin. Sto.";-0,163468215029587;0,979277175174203;0,236196122269645
"367";"EM";-0,0105745794548947;0,88509658836267;0,135125446554581
"368";"Boot";-0,0164612630651811;0,887205189735853;0,169654715550156
"369";"Bayes";0,000463670919916566;0,952489772377955;0,449417764515418
"370";"Moy";0,0536831971560473;0,606197696491495;0,0702214514807558
"371";"Reg. Lin.";-0,0276172142327847;0,886616820807486;0,0444090687671993
"372";"Reg. Lin. Sto.";-0,0243367263203486;0,884965988319931;0,153894607763309
"373";"EM";-0,0158788266523332;0,924144043405137;0,15040208628973
"374";"Boot";-0,0462369533625052;0,90703317840397;0,19708638344632
"375";"Bayes";-0,00176792449155478;0,96263101006381;0,493097311091754
"376";"Moy";-0,0421473873283216;0,612969954831885;0,0720090007082688
"377";"Reg. Lin.";-0,0411101855932212;0,921992599622213;0,0471333550958789
"378";"Reg. Lin. Sto.";-0,0474094531086419;0,927797170139941;0,173226807527906
"379";"EM";-0,013833922790118;1,09250434547126;0,126487061118719
"380";"Boot";-0,0621658478555804;1,09005368651968;0,182952511934525
"381";"Bayes";-0,000441367611921044;0,964605791527974;0,470987924787572
"382";"Moy";-0,0338255561927211;0,65287687177272;0,0763552834058555
"383";"Reg. Lin.";-0,0358292996101627;1,09400569554964;0,0434861398637263
"384";"Reg. Lin. Sto.";-0,0479422860560749;1,0951587850063;0,14148005155165
"385";"EM";-0,040707553747298;1,00319548578112;0,146734578003395
"386";"Boot";-0,116253518062301;1,00750652006313;0,206613619239334
"387";"Bayes";-3,68967582539149e-05;0,969249895464033;0,467213515967794
"388";"Moy";-0,145002673860037;0,681407157851564;0,0676847843840435
"389";"Reg. Lin.";-0,105833632729974;0,998963430440519;0,0459804432670455
"390";"Reg. Lin. Sto.";-0,10848788377215;1,00727561059168;0,164280139478915
"391";"EM";-0,0375051411885362;0,958646710248968;0,123161312049321
"392";"Boot";-0,0719128975933001;0,992431504654409;0,168167514502348
"393";"Bayes";-7,08053711910119e-05;0,959651285248252;0,434475600676333
"394";"Moy";-0,117309006538109;0,608033629572272;0,0707133598297708
"395";"Reg. Lin.";-0,0968587694764034;0,9617460037797;0,0439821207528264
"396";"Reg. Lin. Sto.";-0,0975867608667603;0,961959183750504;0,134857426362535
"397";"EM";0,0190611615629626;0,894343166097847;0,141880129593328
"398";"Boot";0,048861831980378;0,901595094421998;0,184566472026401
"399";"Bayes";-0,00119003523569272;0,967479492076252;0,469260727348874
"400";"Moy";-0,0753322487847351;0,536184512275636;0,0668408748612143
"401";"Reg. Lin.";0,0504253416385523;0,899285447198092;0,0455260285924357
"402";"Reg. Lin. Sto.";0,0485560076472834;0,897085693010902;0,162070696544335
"403";"EM";0,0354760121868312;1,15060146096903;0,131756540527465
"404";"Boot";0,101905335647857;1,14720557914775;0,162417009091814
"405";"Bayes";0,00212194206652334;0,967144406221274;0,483532713286535
"406";"Moy";0,290541722813354;0,62552800463238;0,0793116494213772
"407";"Reg. Lin.";0,0944284516277133;1,13768429667153;0,0435267226232843
"408";"Reg. Lin. Sto.";0,0984209867635285;1,13389041788831;0,146534951037511
"409";"EM";-0,0237113487932306;0,979725839636349;0,150826111030597
"410";"Boot";-0,0588820004424303;1,0176446410255;0,217182745094159
"411";"Bayes";0,000323106399875704;0,972590804727559;0,469169612586872
"412";"Moy";-0,234985236268776;0,618497748430162;0,0680428983963844
"413";"Reg. Lin.";-0,0639714959413852;0,972990271852658;0,0492299029135659
"414";"Reg. Lin. Sto.";-0,0596212598683265;0,971095808370756;0,174565016113641
"415";"EM";-0,0138099640995597;0,92254196369795;0,159715003342934
"416";"Boot";-0,0394810868284103;0,966658231587518;0,215693426393865
"417";"Bayes";-0,000437664988020338;0,969797509711371;0,479576877161455
"418";"Moy";-0,0669650867360225;0,633499865035521;0,068699081430711
"419";"Reg. Lin.";-0,0359755819449064;0,922038718216741;0,0488788354024107
"420";"Reg. Lin. Sto.";-0,0356167982123098;0,92061560123851;0,186580034175792
"421";"EM";-0,04869462438114;0,953514874598443;0,170374047958546
"422";"Boot";-0,111541862837465;0,98345432820438;0,230156688944579
"423";"Bayes";0,000426073149509073;0,981503015187402;0,50943459273288
"424";"Moy";-0,127403486504377;0,697777135850032;0,0615223963303405
"425";"Reg. Lin.";-0,126644687191692;0,952450039065277;0,0494420463414657
"426";"Reg. Lin. Sto.";-0,127595147772993;0,956425202948048;0,198157710889729
"427";"EM";-0,0359982827956222;0,941958832108106;0,155358655028813
"428";"Boot";-0,113310784738074;0,935392563122092;0,212430262959632
"429";"Bayes";-0,00068826281843455;0,969345880550899;0,497878250203323
"430";"Moy";-0,191217879333601;0,631828071560758;0,0686733268480482
"431";"Reg. Lin.";-0,0942458235337209;0,936063162846686;0,0473256524889798
"432";"Reg. Lin. Sto.";-0,0956789207858942;0,935414889264669;0,178719596889525
"433";"EM";0,0143552143526532;0,947266156873439;0,0996671984611891
"434";"Boot";0,0218084481820597;0,94006261457641;0,130082784340026
"435";"Bayes";0,00144463025093096;0,943323100043047;0,392272349024791
"436";"Moy";-0,0149517366167541;0,679406277722644;0,0643740962175619
"437";"Reg. Lin.";0,037588519131241;0,948536196224054;0,0389584115083489
"438";"Reg. Lin. Sto.";0,0355009777117638;0,948267915769655;0,109521077010045
"439";"EM";-0,00359587721927554;1,10376247979001;0,0982100955333176
"440";"Boot";-0,0153578070986938;1,11228764320815;0,130223903476619
"441";"Bayes";0,000725143300129704;0,95439630598576;0,418094576877562
"442";"Moy";0,044067277508086;0,625022905682304;0,0748582074529044
"443";"Reg. Lin.";-0,009347989478927;1,10397842962946;0,0380496787612144
"444";"Reg. Lin. Sto.";-0,0105340993152903;1,10909856637228;0,107824295741686
"445";"EM";-0,00464532728062077;1,05408741271613;0,151805504538148
"446";"Boot";-0,0630459349152287;1,01810830581437;0,213499022736549
"447";"Bayes";0,00192067125264498;0,970404480112852;0,490918268840878
"448";"Moy";-0,162733781961839;0,700862568996885;0,0732937793890658
"449";"Reg. Lin.";-0,0122061223677615;1,05360403410954;0,0479982584046039
"450";"Reg. Lin. Sto.";-0,00996391923033828;1,0614423204589;0,175245295128972
"451";"EM";0,0116779462352249;0,928451530242721;0,150246533386771
"452";"Boot";0,0189559931811779;0,907257605794808;0,207108293763707
"453";"Bayes";0,00268965651581202;0,957399266551304;0,464919123225254
"454";"Moy";-0,0495623832516433;0,570795585396135;0,074810383715817
"455";"Reg. Lin.";0,0305372983554932;0,930512584761937;0,0468205117679097
"456";"Reg. Lin. Sto.";0,0273487437981424;0,926873827680648;0,171972917434769
"457";"EM";-0,0163061701460338;0,994045994214052;0,191753765423174
"458";"Boot";-0,0310742229320627;0,981839187912475;0,247618392697235
"459";"Bayes";0,00107561560061428;0,971446054078468;0,548872450726056
"460";"Moy";-0,2436784665151;0,699162748957907;0,0769449897397488
"461";"Reg. Lin.";-0,0439556495653533;0,990454317942525;0,0560075572039446
"462";"Reg. Lin. Sto.";-0,0404555961770147;0,986158381474154;0,231348412582225
"463";"EM";0,00407803030300616;0,977490724985528;0,156465143981352
"464";"Boot";0,00350781353940546;0,966304131462784;0,213624899573203
"465";"Bayes";0,00158386346463313;0,964553835621785;0,509616335722254
"466";"Moy";-0,139745671014187;0,733928767558235;0,0713116919354454
"467";"Reg. Lin.";0,0107650380983027;0,97822396429475;0,0479812749154082
"468";"Reg. Lin. Sto.";0,00650689433279927;0,979881314423801;0,181503950362295
"469";"EM";-0,0483214880696052;1,02694393753614;0,140552318872982
"470";"Boot";-0,154125355257776;1,04506178531426;0,181735086217491
"471";"Bayes";0,000202875228939135;0,966800050615837;0,474676233253836
"472";"Moy";0,0694950684532875;0,547274343163982;0,0754567768896352
"473";"Reg. Lin.";-0,129714858368424;1,04810147604053;0,0446771223068782
"474";"Reg. Lin. Sto.";-0,135028722679361;1,05284693755872;0,154525592651588
"475";"EM";-0,0237646396815823;0,984996339065355;0,181892108172723
"476";"Boot";-0,0711767439667819;0,99602584695011;0,254244628696303
"477";"Bayes";-0,00145444081119593;0,96821284005753;0,532719656550859
"478";"Moy";-0,169604911593217;0,694320196019993;0,0766748922486524
"479";"Reg. Lin.";-0,0618517144194301;0,979910408917177;0,0518416232722802
"480";"Reg. Lin. Sto.";-0,0706492076649064;0,977655064891725;0,215327175032412
"481";"EM";-0,0257541000036523;0,965383691450007;0,178115190582978
"482";"Boot";-0,0683662706837186;0,929917150217365;0,234059629217582
"483";"Bayes";-0,00279084327143177;0,965022411551718;0,527386216521244
"484";"Moy";-0,04318102827575;0,572266776464369;0,0798321706398083
"485";"Reg. Lin.";-0,0669344260170762;0,965011111956838;0,050990002766674
"486";"Reg. Lin. Sto.";-0,0592240464781795;0,96979673559188;0,208643294856983
"487";"EM";-0,0266052396696555;1,07936250163889;0,16466461677997
"488";"Boot";-0,073066102818591;1,07998650546439;0,219311228521608
"489";"Bayes";-0,00157295371223996;0,963659152417216;0,509384769779706
"490";"Moy";-0,0536027300451272;0,68441446168508;0,0837324796554133
"491";"Reg. Lin.";-0,0689877534524294;1,07798025005306;0,0496083245388196
"492";"Reg. Lin. Sto.";-0,072774043974238;1,07805898196102;0,190771541057654
"493";"EM";0,00417365812695477;1,06310840562951;0,168304547300428
"494";"Boot";-0,00406519051718115;1,06259307153306;0,222537041825652
"495";"Bayes";0,00110413356148353;0,977545057966261;0,512189557253632
"496";"Moy";-0,0724172480282251;0,803691005610727;0,0695438796839686
"497";"Reg. Lin.";0,010899763355608;1,06335279460622;0,0503687760653516
"498";"Reg. Lin. Sto.";0,00664646852713083;1,05781026588146;0,19512932214353
"499";"EM";-0,021200268871875;1,04091152855477;0,0943530119657512
"500";"Boot";-0,0378828214521702;1,05341290144234;0,125104111136463
"501";"Bayes";-0,00251597172005064;0,938529499224012;0,397047937609661
"502";"Moy";-0,0287668355653435;0,735735287178865;0,0739589735897724
"503";"Reg. Lin.";-0,0551012593830221;1,04060969548267;0,0370321411134441
"504";"Reg. Lin. Sto.";-0,0549589681823843;1,0434692056261;0,10212159811655
"505";"EM";-0,0266801880540664;1,01435911199696;0,15571513290841
"506";"Boot";-0,0685646311036371;1,02666244273102;0,210264620399265
"507";"Bayes";-0,000597611674635134;0,976467021595681;0,503576263081665
"508";"Moy";-0,0680468998246847;0,567006522639267;0,0698727862824855
"509";"Reg. Lin.";-0,0693687197653472;1,01438896104056;0,0475932804527994
"510";"Reg. Lin. Sto.";-0,0694051007213618;1,01396731698886;0,177803889013289
"511";"EM";0,0139660614139907;0,926008599684584;0,172238069661177
"512";"Boot";0,0107382662168359;0,910265164338393;0,217805236205837
"513";"Bayes";-0,000729550984464188;0,972874008439918;0,513566280763007
"514";"Moy";-0,128685053179664;0,627246761635179;0,0677320804385892
"515";"Reg. Lin.";0,0375905334558312;0,933234899756702;0,0501177738990014
"516";"Reg. Lin. Sto.";0,0315469042820907;0,927854713735536;0,203900890269483
"517";"EM";0,0109991573395092;0,993904271134926;0,135087030967991
"518";"Boot";0,0548806862553429;0,974018588082902;0,173263232512535
"519";"Bayes";0,00182302506568133;0,965582300727832;0,463019375208924
"520";"Moy";0,0570278921566915;0,646150821354712;0,0713977174657414
"521";"Reg. Lin.";0,028388930010852;0,99513295871452;0,0455081568376509
"522";"Reg. Lin. Sto.";0,0275616945814104;0,993785815300939;0,153765655672141
"523";"EM";-0,013054558851113;1,0297709558511;0,190334460476459
"524";"Boot";-0,000914707734702416;1,03318661243818;0,247617833983545
"525";"Bayes";0,00171624471853007;0,971552189109238;0,552955518349316
"526";"Moy";-0,183496091973519;0,785522660142319;0,0755067912873018
"527";"Reg. Lin.";-0,0346648537245052;1,02728274733291;0,0536005546530672
"528";"Reg. Lin. Sto.";-0,0399004042144721;1,02879859586015;0,229079410492504
"529";"EM";-0,00738962965361323;0,960013630012204;0,13723477536517
"530";"Boot";-0,0341980118094082;0,945094526298931;0,183471447272651
"531";"Bayes";-0,00180074230657242;0,955699846520138;0,438875405583921
"532";"Moy";-0,0626766019097614;0,62281549269262;0,0687280705335037
"533";"Reg. Lin.";-0,0192556653764209;0,959416690184615;0,0448040667896151
"534";"Reg. Lin. Sto.";-0,0216947723023299;0,960288833118426;0,156508669503003
"535";"EM";-0,000919939914817068;1,01784305772175;0,119844101121866
"536";"Boot";0,00770794756560403;1,03203674591265;0,169772143604602
"537";"Bayes";-0,00177082510098308;0,951491249057882;0,437677645947589
"538";"Moy";-0,110661093675542;0,731793451773284;0,0727140023678846
"539";"Reg. Lin.";-0,00239061369275528;1,01768986882029;0,0422877001303974
"540";"Reg. Lin. Sto.";-0,00499556978965469;1,01945305274418;0,135386963486102
"541";"EM";0,0201771164990927;1,09520309489;0,120992020054096
"542";"Boot";0,0417913153481778;1,08579258322115;0,165367960310184
"543";"Bayes";-0,0018355271077005;0,972056259322642;0,459234096213121
"544";"Moy";0,175933414359876;0,660964100120757;0,0697751280738326
"545";"Reg. Lin.";0,0530453754853453;1,09016491208738;0,0419320972357251
"546";"Reg. Lin. Sto.";0,0560688234706952;1,09440975376438;0,134480057397441
"547";"EM";0,0713094757354232;1,03472224489942;0,15277343487959
"548";"Boot";0,192163531865105;1,03665640483237;0,185642934358788
"549";"Bayes";-0,00150121790812716;0,971039171736032;0,50653492699902
"550";"Moy";0,148888020583298;0,713120169932163;0,0727590136490109
"551";"Reg. Lin.";0,185498516654107;1,03803617359352;0,045973201414312
"552";"Reg. Lin. Sto.";0,190421296418302;1,03553579885885;0,16691667282502
"553";"EM";0,0467811280118445;0,986487977616098;0,183760799491651
"554";"Boot";0,112659712738368;1,0159723800954;0,239190920337796
"555";"Bayes";-9,70894274731156e-05;0,979127773162053;0,540898435542557
"556";"Moy";-0,0391175717384439;0,635807342499757;0,0717151021703771
"557";"Reg. Lin.";0,124503213517941;1,00132831426398;0,051380824999473
"558";"Reg. Lin. Sto.";0,118699587391601;1,00459689046441;0,211851053255819
"559";"EM";0,0247723532972962;1,0494773098668;0,204559528236184
"560";"Boot";0,070039284222689;1,0586152896792;0,264629319916881
"561";"Bayes";0,000937080226175376;0,973196979344825;0,553992341172225
"562";"Moy";-0,0727242972807488;0,668930012272332;0,0840551258241652
"563";"Reg. Lin.";0,0651466603049648;1,05255786904234;0,0552528618081181
"564";"Reg. Lin. Sto.";0,0639257395543371;1,05592155693839;0,243351596635296
"565";"EM";0,0842327038112505;0,986572733626418;0,21993446259796
"566";"Boot";0,223070146879024;1,01088448114818;0,29005190888295
"567";"Bayes";-0,00234270078367496;0,97530270230968;0,607102934300182
"568";"Moy";0,102269195214296;0,603535473725974;0,0839211895958393
"569";"Reg. Lin.";0,220925757811759;0,994479691001348;0,056178571807546
"570";"Reg. Lin. Sto.";0,230215337893078;0,988949047540568;0,253656453233624
"571";"EM";-0,0166959778816795;0,984590231134314;0,126785982738113
"572";"Boot";-0,0634636043128669;0,994993369207973;0,168656751281931
"573";"Bayes";-0,00312360730167838;0,952555124603977;0,445363891351815
"574";"Moy";0,138848118107385;0,701123817388561;0,0722582999862585
"575";"Reg. Lin.";-0,0441683758729284;0,988821760835741;0,0429645295451656
"576";"Reg. Lin. Sto.";-0,0432311851651727;0,99085984219043;0,141247168293706
"577";"EM";-0,0424986411720379;1,06598089515203;0,144450074540221
"578";"Boot";-0,100063383321981;1,04694963594482;0,192406539935155
"579";"Bayes";5,57904699401999e-05;0,961713424803552;0,494685874848859
"580";"Moy";-0,0449627525558067;0,796703898276352;0,0753725372014428
"581";"Reg. Lin.";-0,110739902423461;1,06921092151979;0,0454853687494738
"582";"Reg. Lin. Sto.";-0,106465414442912;1,07220032941641;0,164781629727946
"583";"EM";0,0118371078499453;1,09180511765081;0,135228903415349
"584";"Boot";0,0545956441870743;1,09164482806324;0,177438908270585
"585";"Bayes";-0,000530283151999275;0,964395836067146;0,479140598551025
"586";"Moy";0,0725227822453668;0,671383960047392;0,0758186963323223
"587";"Reg. Lin.";0,0308631673572259;1,09097950119141;0,044686704450239
"588";"Reg. Lin. Sto.";0,0361337553451162;1,08709233197627;0,154966318991443
"589";"EM";0,0254627140694619;0,977721696261296;0,085997876163378
"590";"Boot";0,0763228472282359;0,963453200431657;0,120509498503017
"591";"Bayes";0,000456084180433331;0,930051003867506;0,358778470210376
"592";"Moy";0,115613203052932;0,671923726467484;0,068917053607777
"593";"Reg. Lin.";0,0663999093183637;0,976315858847835;0,0354759672940623
"594";"Reg. Lin. Sto.";0,0673100047584807;0,975086504458429;0,0933541685137847
"595";"EM";0,00336628429135536;0,995611546481557;0,136123176666408
"596";"Boot";0,0406978063247109;0,972402392985994;0,185225612947834
"597";"Bayes";-0,00202446447649044;0,965742273144765;0,464221859656237
"598";"Moy";0,0190843209555098;0,719788992988077;0,0653505672090846
"599";"Reg. Lin.";0,0087622592381902;0,995468736426365;0,0447727988165092
"600";"Reg. Lin. Sto.";0,00982488585471762;0,99434691791106;0,155991152411872
